# Redirects
/accessibility     /parade/accessibility     301
/accommodation     /visitor-information/travel-and-accommodation     301
/as-a-group     /parade/take-part/groups     301
/blog/2017/10/11/national-coming-out-day-being-out-shows-people-theyre-not-alone     /blog/national-coming-out-day-being-out-shows-people-theyre-not-alone     301
/blog/2017/10/11/national-coming-out-day-i-came-out-because-i-didnt-want-to-hide-anymore     /blog/national-coming-out-day-i-came-out-because-i-didnt-want-to-hide-anymore     301
/blog/2017/10/11/national-coming-out-day-made-me-more-confident     /blog/national-coming-out-day-made-me-more-confident     301
/blog/2017/10/11/national-coming-out-day-mum-knew-i-was-gay-since-i-was-8     /blog/national-coming-out-day-mum-knew-i-was-gay-since-i-was-8     301
/blog/2017/10/11/national-coming-out-dayeverything-changed-since-i-came-out     /blog/national-coming-out-dayeverything-changed-since-i-came-out     301
/blog/2017/10/11/since-coming-out-ive-become-a-lot-more-positive     /blog/since-coming-out-ive-become-a-lot-more-positive     301
/blog/2017/10/11/visible-out-people-are-so-important-especially-for-younger-lgbt-people     /blog/visible-out-people-are-so-important-especially-for-younger-lgbt-people     301
/blog/2017/11/30/by-choosing-to-come-out-you-will-be-bringing-more-of-yourself-to-work-and-the-business     /blog/by-choosing-to-come-out-you-will-be-bringing-more-of-yourself-to-work-and-the-business     301
/blog/2017/12/12/we-should-never-take-our-relatively-free-and-liberal-society-for-granted     /blog/we-should-never-take-our-relatively-free-and-liberal-society-for-granted     301
/blog/2017/6/26/bisexual-not-straight-bisexual-not-gay     /blog/bisexual-not-straight-bisexual-not-gay     301
/blog/2017/6/26/british-lgbt-people-are-still-lying-about-who-they-are     /blog/british-lgbt-people-are-still-lying-about-who-they-are     301
/blog/2017/6/26/introducing-shelley-one-of-our-superstar-fundraising-volunteers     /blog/introducing-shelley-one-of-our-superstar-fundraising-volunteers     301
/blog/2017/6/26/whether-partying-or-protesting-its-pride-season-lets-be-proud     /blog/whether-partying-or-protesting-its-pride-season-lets-be-proud     301
/blog/2018/1/7/being-nice-is-not-enough     /blog/being-nice-is-not-enough     301
/blog/2018/1/9/edward-ii-the-first-english-gay-play-1     /blog/edward-ii-the-first-english-gay-play-1     301
/blog/2018/10/16/surrogacy-law-top-5-tips-for-intending-parents     /blog/surrogacy-law-top-5-tips-for-intending-parents     301
/blog/2018/12/10/wellbeing-in-the-workplace-is-about-more-than-yoga-lessons-and-fruit-bowls     /blog/wellbeing-in-the-workplace-is-about-more-than-yoga-lessons-and-fruit-bowls     301
/blog/2018/2/10/no-one-should-have-to-be-ashamed-to-be-open-about-who-they-are     /blog/no-one-should-have-to-be-ashamed-to-be-open-about-who-they-are     301
/blog/2018/2/25/many-people-could-never-have-imagined     /blog/many-people-could-never-have-imagined     301
/blog/2018/2/28/a-flare-for-cinema     /blog/a-flare-for-cinema     301
/blog/2018/3/11/it-is-vitally-important     /blog/it-is-vitally-important     301
/blog/2018/3/18/lgbt-women-say-wow     /blog/lgbt-women-say-wow     301
/blog/2018/7/23/build-the-plane-while-youre-flying     /blog/build-the-plane-while-youre-flying     301
/blog/2018/9/12/people-credit-me-with-much-more-than-i-deserve-just-cause-im-the-pretty-one-i-think     /blog/people-credit-me-with-much-more-than-i-deserve-just-cause-im-the-pretty-one-i-think     301
/blog/2018/9/15/just-make-sure-you-mention-how-pretty-i-am     /blog/just-make-sure-you-mention-how-pretty-i-am     301
/blog/2019-parade-dates     /Just-make-sure-you-mention-how-pretty-i-am     301
/blog/2019/1/5/grit-your-teeth-and-believe-in-yourself     /blog/grit-your-teeth-and-believe-in-yourself     301
/blog/fringe-film-fest-november-2018     /blog/fringe-film-fest-november-2018     301
/blog/national-coming-out-dayi-came-out-because-i-wanted-to-be-myself     /blog/national-coming-out-dayi-came-out-because-i-wanted-to-be-myself     301
/blog/we-had-our-first-day-on-national-coming-our-day     /blog/we-had-our-first-day-on-national-coming-our-day     301
/code-of-conduct     /parade/code-of-conduct     301
/community-parade-campaign     /about-us/campaigns/2018/compunity-parade-campaign     301
/donate     /support-us/donate     301
/hire-a-stall     /parade/community-village/hire-a-stall     301
/hire-a-stall/terms     /parade/community-village/hire-a-stall/terms     301
/impact-report-2018     /about-us/impact     301
/join-the-parade     /parade     301
/pgt     /events/prides-got-talent     301
/pgt/terms     /events/prides-got-talent/audition/terms-and-conditions     301
/pride-in-the-city     /support-us/pride-in-the-city     301
/pride-matters     /about-us/campaigns/2018     301
/privacy     /privacy-policy     301
/pubs-bars /visitor-information/restaurants-and-bars    301
/residents-businesses     /parade/residents-and-businesses     301
/sponsors     /support-us/sponsors     301
/volunteer     /support-us/volunteer     301
/who-we-are     /about-us     301
/why-we-exist     /about-us/why-we-exist     301
/hire-a-stall/stalls-application     /parade/community-village/stalls-application     301
